id;number;repo_full_name;state;merged;closed_without_merge;ci_runs;ci_any_failure;ci_any_success;pr_url;T1_ci_test_failure;T2_logic_bug;T3_syntax_compile;T4_missing_tests;T5_style_conventions;T6_build_ci_config;P1_low_priority;P2_duplicate_alt_solution;P3_abandoned_no_response;P4_unknown;primary_failure_mode;notes
2758595312;299;different-ai/note-companion;closed;TRUE;FALSE;1;TRUE;FALSE;https://github.com/different-ai/note-companion/pull/299;0;0;0;0;0;0;0;0;0;0;none;"Merged successfully. All visible CI checks green; no evidence of persistent failure."
3238853538;7323;microsoft/vscode-pull-request-github;closed;FALSE;TRUE;0;FALSE;FALSE;https://github.com/microsoft/vscode-pull-request-github/pull/7323;0;0;0;0;0;0;1;0;0;0;P1_low_priority;"All CI checks (build, TypeScript, lint, GraphQL updates) passed. Community PR Approvals check reports ÒNot enough approvalsÓ; PR is closed with unmerged commits and no alternative solution linked. Coded as process / priority failure (P1_low_priority)."
2964834156;56960;airbytehq/airbyte;closed;FALSE;TRUE;2;TRUE;FALSE;https://github.com/airbytehq/airbyte/pull/56960;0;0;0;0;0;1;0;0;0;1; T6_build_ci_config;Huge auto-generated docs changelog PR. Docs/Vercel deployment check failed (airbyte-docs preview). Maintainer closed PR with unmerged commits.
3227896964;15250;mautic/mautic;closed;FALSE;TRUE;0;FALSE;FALSE;https://github.com/mautic/mautic/pull/15250;0;0;0;0;0;1;0;1;0;0;P2_duplicate_alt_solution;"SonarCloud quality gate failed on maintainability; reviewer told Copilot to move changes into PR #15249 and closed this PR unmerged."
3244652867;233;StephenDev0/StikDebug;closed;FALSE;TRUE;1;FALSE;TRUE;https://github.com/StephenDev0/StikDebug/pull/233;0;0;0;0;0;0;0;0;0;1;P4_unknown;"CI job ÒBuild Unsigned IPAÓ passes; author notes swift build fails locally (ÒCould not find Package.swiftÓ) but no discussion; PR closed by author with unmerged commits, reason not stated."
3145625420;3486;1c-syntax/bsl-language-server;open;FALSE;FALSE;5;TRUE;FALSE;https://github.com/1c-syntax/bsl-language-server/pull/3486;0;1;0;0;0;0;0;0;1;0;T2_logic_bug;"Long, complex fix for diagnostic configuration and validators; reviewer repeatedly requested design changes (infrastructure roles, bean wiring, JSON schema validation). Tests were eventually fixed, but the PR stayed in draft with unresolved feedback, conflicts, and stale workflows, so it was effectively abandoned."
3181057880;1406;marin-community/marin;open;FALSE;FALSE;4;TRUE;TRUE;https://github.com/marin-community/marin/pull/1406;0;0;0;0;0;0;0;0;0;0;none;"Merged successfully. Refactor of executor loop into helper; unit tests, docs build, lint and other checks all passed."
3203675489;1650;567-labs/instructor;closed;FALSE;TRUE;7;TRUE;TRUE;https://github.com/567-labs/instructor/pull/1650;0;0;0;0;0;1;0;0;0;1;T6_build_ci_config;"Docs GitHub Actions workflow change (switch master_main, remove Poetry, keep uv). Cloudflare Workers deployment + docs test job failing (ModuleNotFoundError: 'pytest_examples'). PR closed with unmerged commits; exact reason for closure unclear."
3101784995;7216;thirdweb-dev/js;closed;FALSE;TRUE;4;FALSE;TRUE;https://github.com/thirdweb-dev/js/pull/7216;0;0;0;0;0;0;0;0;0;1;P4_unknown;"UI refactor: replace Chakra UI form with shadcn/Tailwind for OP credits dashboard form. All 28/28 checks passed; PR was closed without merge, reason not stated."
3125710825;1936;celestiaorg/celestia-core;closed;TRUE;FALSE;9;TRUE;TRUE;https://github.com/celestiaorg/celestia-core/pull/1936;0;0;0;0;0;0;0;0;0;0;none;"Performance / capacity tuning only: increased partsChan buffer from 1000 to 2500 in replay_file.go, wal_generator.go, and node.go to avoid blocking on large (128MB) blocks. All checks green; reviewer just asked to revert unnecessary test changes."
3276886129;15043;mochilang/mochi;closed;FALSE;TRUE;0;FALSE;FALSE;https://github.com/mochilang/mochi/pull/15043;0;0;0;0;0;0;0;0;0;1;P4_unknown;"Closed without merge; single dependency/go.mod update (Òadd missing replace directivesÓ), no CI jobs run, no review discussion explaining why it was closed Ñ reason for not merging unclear."
2958673865;49;OpenRouterTeam/ai-sdk-provider;closed;FALSE;TRUE;1;TRUE;FALSE;https://github.com/OpenRouterTeam/ai-sdk-provider/pull/49;0;0;1;0;0;0;1;0;0;0;T3_syntax_compile;"CI TypeScript type error in tests; no fix; PR auto-closed by bot after 7 days."
3148204191;2050;spcl/dace;open;FALSE;FALSE;5;TRUE;TRUE;https://github.com/spcl/dace/pull/2050;0;0;0;0;0;0;1;0;0;0;P1_low_priority;"Refactor: remove using_explicit_control_flow flag and legacy code for DaCe 2.0; simplifies control-flow handling; tests pass."
3134558199;1776;stackblitz-labs/bolt.diy;closed;FALSE;TRUE;1;FALSE;TRUE;https://github.com/stackblitz-labs/bolt.diy/pull/1776;0;0;0;0;0;0;0;0;0;1;P4_unknown;"Closed by reviewer: ÒClosing this PR as there is no actual change.Ó Only newline-at-EOF tweak; CI (Validate PR Title) passed."
3211680515;7;pannous/wasp;closed;FALSE;TRUE;0;FALSE;FALSE;https://github.com/pannous/wasp/pull/7;0;0;0;0;0;0;0;0;0;1;P4_unknown;"Closed by repo owner with comment Òtoo many random changes, not done manuallyÓ; CI workflows and build fixes rejected for policy/trust reasons, not due to test or build failure."
3013519880;69;mrwadams/stride-gpt;closed;FALSE;TRUE;0;FALSE;FALSE;https://github.com/mrwadams/stride-gpt/pull/69;0;0;0;0;0;0;0;1;0;0;P2_duplicate_alt_solution;"Superseded by PR #70; repo owner says #70 includes fixes for identified issues and closes this PR in favor of it. No CI failures; workflow ran with no jobs."
3071995758;3820;GlareDB/glaredb;closed;TRUE;FALSE;1;TRUE;FALSE;https://github.com/GlareDB/glaredb/pull/3820;0;0;0;0;0;0;0;0;0;0;none;Merged successfully, however, CI failed at some point 
3141665913;2526;microsoft/qsharp;closed;FALSE;TRUE;4;FALSE;TRUE;https://github.com/microsoft/qsharp/pull/2526;0;0;0;0;0;0;0;0;0;1;P4_unknown;"CI checks all passed. Copilot changed default notebook targetProfile to ""unrestricted"" in the VS Code layer and added a corresponding test. Maintainer interacted and later closed the PR without merging and without giving a clear reason, so the ultimate cause of rejection is unknown."
2786819123;23;robinmanuelthiel/speedtest;closed;FALSE;TRUE;0;FALSE;FALSE;https://github.com/robinmanuelthiel/speedtest/pull/23;0;0;0;0;0;0;0;0;1;0;P3_abandoned_no_response;"CI check (GitGuardian) passed; PR upgrades project to InfluxDB v2 but was closed by the AI bot due to inactivity, unmerged."
3104181659;2048;faros-ai/airbyte-connectors;closed;FALSE;TRUE;4;FALSE;TRUE;https://github.com/faros-ai/airbyte-connectors/pull/2048;0;0;0;0;0;0;0;0;1;0;P3_abandoned_no_response;closed due to inactivity for 7 days
3216208267;189;prometheus-lua/Prometheus;open;FALSE;FALSE;1;TRUE;FALSE;https://github.com/prometheus-lua/Prometheus/pull/189;1;1;0;0;0;0;0;0;0;1;P4_unknown;"Fixes a repeatÐuntil scoping bug in the VMify compiler. Initial test case caused the test-linux GitHub Actions job to time out (infinite loop in obfuscated VM code). Copilot reverted the problematic compiler changes and updated the test; tests now pass, but the PR remains a draft with requested changes and a workflow awaiting approval."
3135203702;93300;getsentry/sentry;closed;FALSE;TRUE;14;TRUE;TRUE;https://github.com/getsentry/sentry/pull/93300;1;0;1;0;1;0;0;0;1;0;T3_syntax_compile;"TS type errors and lint violations in multiple SDK docs; checks failing; PR closed with unmerged commits and no fixes (agent-authored)."
3070240949;11;briangu/klongpy;closed;TRUE;FALSE;1;TRUE;FALSE;https://github.com/briangu/klongpy/pull/11;0;0;0;0;1;0;0;0;0;0;T5_style_convention;"CI linter job failed (style/quality gate); CPU tests passed; PR merged despite linter failure."
3121998374;1435;EricLBuehler/mistral.rs;open;FALSE;FALSE;2;TRUE;TRUE;https://github.com/EricLBuehler/mistral.rs/pull/1435;0;0;0;0;1;0;0;0;0;0;T5_style_convention;"Typos CI check failing; all other CI green, PR still draft with merge conflicts."
3244965796;252;wieslawsoltes/Xaml.Behaviors;closed;FALSE;TRUE;2;FALSE;TRUE;https://github.com/wieslawsoltes/Xaml.Behaviors/pull/252;0;0;0;0;0;0;0;0;0;1;P4_unknown;"Docs-only PR adding interaction links; all 13/13 checks and pipelines succeeded; author closed PR with unmerged commits and deleted branch, reason not stated."
3275983098;971;bruin-data/bruin;closed;FALSE;TRUE;2;FALSE;TRUE;https://github.com/bruin-data/bruin/pull/971;0;0;0;0;0;0;0;0;0;1;P4_unknown;"Security-hardening PR adding X-Frame-Options / CSP headers to Nginx; all CI checks passed, but author closed the PR with unmerged commits and no explanation or reviewer discussion."
3247762648;553;syntasso/kratix;closed;FALSE;TRUE;1;TRUE;FALSE;https://github.com/syntasso/kratix/pull/553;0;1;0;0;0;0;1;0;0;0;T2_logic_bug;"Dockerfile change to distroless/cc base image and removal of fixed USER caused multiple integration/system tests to fail; PR was closed without being merged."
3150621549;464;WorkflowAI/WorkflowAI;closed;FALSE;TRUE;2;FALSE;TRUE;https://github.com/WorkflowAI/WorkflowAI/pull/464;0;0;0;0;0;0;0;0;0;1;P4_unknown;"PR adds a discussion doc for a supposed Next.js server bug, but reviewer points out the command is wrong; author confirms the server works when run correctly and closes the PR as the change is no longer needed."
3070335055;466;ai-shifu/ai-shifu;closed;FALSE;TRUE;0;FALSE;FALSE;https://github.com/ai-shifu/ai-shifu/pull/466;0;0;0;0;0;0;0;0;0;1;P4_unknown;"PR adds TypeScript type annotations and refactors components; GitGuardian check passes; only minor automated suggestion about header typing; PR closed with unmerged commits and no explanation _ closure reason unclear"
3083175022;5633;microsoft/testfx;closed;FALSE;TRUE;1;FALSE;FALSE;https://github.com/microsoft/testfx/pull/5633;1;0;0;0;0;0;0;1;0;0;P2_duplicate_alt_solution;"Backport PR with the fix (#5635) was already merged; maintainer considered this change too fragile and closed it in favour of the backport. CI showed failing integration tests earlier, but final closing reason is that an alternative solution was adopted."
3264478227;1338;herbie-fp/herbie;closed;FALSE;TRUE;3;FALSE;TRUE;https://github.com/herbie-fp/herbie/pull/1338;0;0;0;0;0;0;0;0;0;1;P4_unknown;"CI (integration + unit tests) all green; reviewer comments ÒGood to goÓ, but PR is closed with unmerged commits and no explanation, and logs are expired _ reason for non-merge is not observable from available artefacts."
3080543697;309;PriorLabs/TabPFN;closed;FALSE;TRUE;1;FALSE;TRUE;https://github.com/PriorLabs/TabPFN/pull/309;0;0;0;0;0;0;0;0;0;1;P4_unknown;"Author closed PR with unmerged commits and deleted branch; CI green; no discussion explaining why, so closing reason is unclear"
3248362607;129;bendichter/brokenaxes;open;FALSE;FALSE;1;TRUE;FALSE;https://github.com/bendichter/brokenaxes/pull/129;0;0;0;0;0;0;0;0;0;1;P4_unknown;"Draft PR fixing single-tick IndexError in BrokenAxes; tests reported passing, CI workflows just awaiting approval; PR still open and not merged, with no explicit reason given for non-integration."
3150847496;356;theopenco/llmgateway;closed;TRUE;FALSE;5;TRUE;TRUE;https://github.com/theopenco/llmgateway/pull/356;0;0;0;0;1;0;0;0;0;0;T5_style_convention;"ome CI checks (ci/lint, ci/generate) failed due to unused variables/parameters; build/test/e2e all passed and PR was merged via queue."
3267818687;2853;ublue-os/bluefin;closed;FALSE;TRUE;1;FALSE;TRUE;https://github.com/ublue-os/bluefin/pull/2853;0;0;0;0;1;0;0;0;0;0;T5_style_convention;"Only Semantic PR title check failed (style); docs-only change; PR closed without explanation"
2834302117;26;jina-ai/node-DeepResearch;closed;FALSE;TRUE;1;FALSE;TRUE;https://github.com/jina-ai/node-DeepResearch/pull/26;0;0;0;0;0;0;0;0;0;1;P4_unknown;Tests pass and the single CI job is green. PR is an agentic refactor (switching from Google Generative AI to Vercel AI SDK) but was closed without merging and with no maintainer discussion explaining why, so the failure reason is not observable from the PR
3161407157;7063;onnx/onnx;open;FALSE;FALSE;3;TRUE;FALSE;https://github.com/onnx/onnx/pull/7063;0;0;0;0;0;0;0;0;0;0;none;"Draft PR improving printer + tests for low-precision types; CI checks pending, no failing check visible, not (yet) an actual failure."
3077094653;3360;tokens-studio/figma-plugin;closed;FALSE;TRUE;7;TRUE;TRUE;https://github.com/tokens-studio/figma-plugin/pull/3360;1;0;0;1;0;0;0;0;1;0;T4_missing_tests;"SonarQube quality gate failed due to 0% test coverage on new code and overall coverage drop; some CI/test checks failing. Reviewer asked author to fix the failing checks, but there was no follow-up and the PR was closed without being merged."
3143461869;1360;github/gh-gei;closed;FALSE;TRUE;0;FALSE;FALSE;https://github.com/github/gh-gei/pull/1360;0;0;0;0;0;0;0;0;0;1;P4_unknown;"Closed without merging; no CI checks configured; author reports 890 unit tests passing locally; maintainer closed PR with no explanation."
3077591311;1361;MikePopoloski/slang;closed;FALSE;TRUE;1;TRUE;FALSE;https://github.com/MikePopoloski/slang/pull/1361;0;0;0;0;0;0;0;0;1;0;P3_abandoned_no_response;"WIP placeholder PR with only issue description, 0 files changed, 0 checks; closed with unmerged commits and branch deleted (essentially abandoned, not blocked by CI)"
3237779597;5588;reflex-dev/reflex;closed;FALSE;TRUE;7;FALSE;TRUE;https://github.com/reflex-dev/reflex/pull/5588;0;0;0;0;0;0;0;0;0;1;P4_unknown;"All CI checks (CodeQL, unit-tests, performance, integration, etc.) passed. PR was closed with unmerged commits; no explicit reason givenÑlikely non-technical/product decision."
3095028076;3688;Azure/azure-container-networking;closed;FALSE;TRUE;4;TRUE;TRUE;https://github.com/Azure/azure-container-networking/pull/3688;0;0;0;0;1;0;0;0;1;0;P3_abandoned_no_response;Lint checks (golangci-lint: testifylint, importShadow, cyclomatic complexity, etc.) were failing. PR was marked stale and then auto-closed by github-actions bot due to inactivity with failing checks still unresolved
3254647682;59071;JuliaLang/julia;closed;FALSE;TRUE;5;FALSE;TRUE;https://github.com/JuliaLang/julia/pull/59071;0;0;0;0;0;0;0;1;0;0;P2_duplicate_alt_solution;"Closed as duplicate; changes were merged via the original PR (this was just a rebased version)."
3130735278;180;kdroidFilter/ComposeNativeTray;closed;FALSE;TRUE;0;FALSE;FALSE;https://github.com/kdroidFilter/ComposeNativeTray/pull/180;0;0;0;0;0;0;0;0;1;0;P3_abandoned_no_response;"Draft PR created by repo owner with codex label (ChatGPT Codex). No CI checks or reviews. Author later closed the PR and deleted the branch; changes abandoned, not merged."
3084701267;40;elixr-games/elics;closed;FALSE;TRUE;1;FALSE;TRUE;https://github.com/elixr-games/elics/pull/40;0;0;0;0;0;0;1;0;0;0;P1_low_priority;"All CI checks (Run Tests / build 20.x) passed. PR was closed by the author the same day with no discussion; feature change apparently de-scoped / not needed."
3070206078;6;Zhangyanbo/diffusion-evolution;closed;FALSE;TRUE;0;FALSE;FALSE;https://github.com/Zhangyanbo/diffusion-evolution/pull/6;0;0;0;0;0;0;0;0;0;1;P4_unknown;"Closed by author on the same day without explanation. No CI checks ran; change wires density args / updates docs, but reason for closing is not stated."
3087587876;50256;Azure/azure-sdk-for-net;closed;FALSE;TRUE;1;FALSE;TRUE;https://github.com/Azure/azure-sdk-for-net/pull/50256;1;0;0;0;0;0;0;0;1;0;P3_abandoned_no_response;"Multiple .NET build/test jobs failing in CI; PR marked stale by github-actions due to no recent engagement and then closed by maintainer without being fixed"
3231339205;84;foxminchan/BookWorm;closed;FALSE;TRUE;0;FALSE;FALSE;https://github.com/foxminchan/BookWorm/pull/84;0;0;0;0;0;0;0;0;0;1;P4_unknown;"Closed manually by maintainer (foxminchan); all checks passed, no explicit reason given (not marked stale/inactivity)."
3207914894;193;MCPJam/inspector;closed;FALSE;TRUE;1;FALSE;TRUE;https://github.com/MCPJam/inspector/pull/193;0;0;0;0;0;0;0;0;0;1;P4_unknown;"Checks passed; PR closed manually by author (no stale/inactivity message)."
3184193699;1884;sequinstream/sequin;closed;TRUE;FALSE;1;TRUE;FALSE;https://github.com/sequinstream/sequin/pull/1884;1;0;0;0;0;0;0;0;0;0;T1_ci_test_failure;"GitHub Actions / signoff job failed due to test ""if start_fn fails, returns the error to the callers"" in unchanged file connection_cache_test.exs; PR was merged despite this unrelated CI test failure."
3192696250;6146;surrealdb/surrealdb;closed;FALSE;TRUE;4;TRUE;TRUE;https://github.com/surrealdb/surrealdb/pull/6146;0;0;0;0;0;0;0;0;1;0;P3_abandoned_no_response;"Closed by author without merge; CI checks all green and no maintainer discussion, so treated as abandoned rather than a CI failure."
3102016720;7832;temporalio/temporal;closed;FALSE;TRUE;7;FALSE;TRUE;https://github.com/temporalio/temporal/pull/7832;1;0;0;0;0;0;0;0;0;1;P4_unknown;"Multiple CI ÒAll TestsÓ suites are red (some failing, many cancelled); PR was closed unmerged with CI still failing."
2767565114;250;antiwork/shortest;closed;TRUE;FALSE;2;TRUE;TRUE;https://github.com/antiwork/shortest/pull/250;1;0;0;0;0;0;0;0;0;0;T1_ci_test_failure;"Docs-only README change. One CI job ÒShortest Tests / shortestÓ failed, while other checks (Vercel, autofix, CLA) passed; PR was merged despite this likely unrelated/flaky test failure."
3102274919;361;gridaco/grida;closed;FALSE;TRUE;0;FALSE;FALSE;https://github.com/gridaco/grida/pull/361;0;0;0;0;0;0;0;0;0;1;P4_unknown;All CI checks passed (CodeRabbit + Vercel previews). PR was closed with unmerged commits for non-CI reasons that are not stated (likely product/review decision).
3137786825;89;jodendaal/OpenAI.Net;closed;FALSE;TRUE;1;FALSE;TRUE;https://github.com/jodendaal/OpenAI.Net/pull/89;0;0;0;0;0;0;0;0;0;1;P4_unknown;All CI checks passed (CodeRabbit + Vercel previews). PR was closed with unmerged commits for non-CI reasons that are not stated (likely product/review decision).
3056993511;489;digitaldemocracy2030/kouchou-ai;closed;FALSE;TRUE;0;FALSE;FALSE;https://github.com/digitaldemocracy2030/kouchou-ai/pull/489;0;0;0;0;1;1;0;0;1;0;build_ci_config;Client build and Ruff lint checks are failing while client/server tests pass. Several follow-up commits try to fix CI, but the PR is ultimately closed with unmerged commits, suggesting it was abandoned with unresolved build/lint issues.
3127026463;1126;Albeoris/Memoria;closed;FALSE;TRUE;1;FALSE;TRUE;https://github.com/Albeoris/Memoria/pull/1126;0;0;0;0;0;0;0;1;0;0;P2_duplicate_alt_solution;"All CI checks (build, report-build-status, deploy) passed. Feature is a full mod catalog editor; maintainer later closed PR and deleted branch, likely replaced by alternative implementation."
3192728541;644;zfit/zfit;closed;TRUE;FALSE;2;TRUE;TRUE;https://github.com/zfit/zfit/pull/644;1;0;0;0;1;1;0;0;0;0;none;Merged. Multiple CI checks red (tests, tutorials, docs build, pre-commit lint). Maintainer overrode/accepted as non-blocking.
3223526987;22309;open-metadata/OpenMetadata;open;FALSE;FALSE;17;TRUE;TRUE;https://github.com/open-metadata/OpenMetadata/pull/22309;0;0;0;0;0;0;1;0;0;0;P1_low_priority;"Merged successfully even though several CI jobs were red (Java Checkstyle, Maven *Tests CI*, Playwright E2E, py-run tests, etc.); maintainers treated these failures as low-priority/flaky."
3099415540;79;alvinwan/timefhuman;closed;FALSE;TRUE;0;FALSE;FALSE;https://github.com/alvinwan/timefhuman/pull/79;0;0;0;0;0;0;1;0;0;0;P1_low_priority;"Closed by author without merge; no CI checks or review comments, change likely deprioritized."
3179460425;344;php-llm/llm-chain;closed;FALSE;TRUE;1;TRUE;FALSE;https://github.com/php-llm/llm-chain/pull/344;1;0;0;0;0;0;0;0;0;1;P4_unknown;"Most PHP test matrix jobs (8.2Ð8.4, lowest/highest) passed, but the QA pipeline job stayed red and was never fixed. Logs have expired and the repo was later archived, so the exact cause is unclear; PR closed without merging."
3201567268;17613;micropython/micropython;open;FALSE;FALSE;8;TRUE;TRUE;https://github.com/micropython/micropython/pull/17613;0;0;0;0;1;0;0;0;0;0;T5_style_convention;One CI check failing: ÔCheck commit message formatting / build (pull_request)Õ. All other checks (build, code formatting, size, spelling, JavaScript lint) pass. Branch also currently has merge conflicts to resolve
3131078126;251025;microsoft/vscode;closed;FALSE;TRUE;0;FALSE;FALSE;https://github.com/microsoft/vscode/pull/251025;0;0;0;0;0;0;1;0;0;0;P1_low_priority;"Closed without merge; reviewer said Òno way to forcibly re-render cellsÓ, so the approach/feature was not accepted. All checks passed (one pipeline check was skipped)."
2900306412;33;antiwork/helper;closed;FALSE;TRUE;3;FALSE;TRUE;https://github.com/antiwork/helper/pull/33;0;0;0;0;0;0;1;0;0;0;P1_low_priority;All CI checks (Supabase, tests, autofix.ci) passed. PR adds masonry grid layout and hero-section content, but was closed with unmerged commits by maintainer, suggesting the feature/request was deprioritized rather than blocked by CI or code issues.
3105820644;1108;Albeoris/Memoria;closed;FALSE;TRUE;0;FALSE;FALSE;https://github.com/Albeoris/Memoria/pull/1108;0;0;0;0;0;0;0;0;1;0;P3_abandoned_no_response;"ÊCopilot hit an internal error while working on the issue; only a refactoring plan was created, no code changes or CI runs; PR marked [Failed] and closed the same day."
3134145272;85;Azure-Samples/azure-ai-travel-agents;closed;FALSE;TRUE;1;FALSE;TRUE;https://github.com/Azure-Samples/azure-ai-travel-agents/pull/85;0;0;0;0;0;0;0;0;0;1;P4_unknown;"Docs-only PR adding workshop materials; license/CLA check passed, no CI failures. PR was later closed with unmerged commits and no explicit reason (likely superseded or maintainer decision)."
3155910859;3350;GitbookIO/gitbook;closed;FALSE;TRUE;2;FALSE;TRUE;https://github.com/GitbookIO/gitbook/pull/3350;1;0;0;0;0;0;1;0;0;0;P1_low_priority;Initial CI build/test/typecheck and preview deploy jobs failed but later commit (Òfix typingÓ) shows checks green. Reviewer felt the refactor added too much complexity for very small (~1%) RSS size benefit, so author closed the PR without merging.
2825989939;2956;promptfoo/promptfoo;closed;FALSE;TRUE;4;FALSE;TRUE;https://github.com/promptfoo/promptfoo/pull/2956;0;0;0;0;0;0;0;0;1;0;P3_abandoned_no_response;"Feature PR adding HTTP request/cURL views; checks are green but the branch went stale and was auto-closed/cleaned up without being merged (effectively abandoned)."
3219022194;22381;calcom/cal.com;closed;FALSE;TRUE;6;TRUE;TRUE;https://github.com/calcom/cal.com/pull/22381;0;0;0;0;0;1;0;0;0;0;T6_build_ci_config;"Required CI job ""PR Update / required (pull_request_target)"" failed while many other jobs were skipped or passed; feature adds hidden boolean + related services/tests for event types, PR closed unmerged with no clear human explanation of the failure."
3188858394;834;tphakala/birdnet-go;closed;TRUE;FALSE;4;TRUE;TRUE;https://github.com/tphakala/birdnet-go/pull/834;1;0;0;0;0;0;0;0;0;0;T1_ci_test_failure;"Merged PR. Adds async notification & telemetry system (multiple phases). 3 golangci-lint CI checks failing (lint/test + docker-image lint), others green; merged with unresolved CI failures (9/10 checks passed)."
3183775420;30286;dotnet/maui;closed;FALSE;TRUE;0;FALSE;FALSE;https://github.com/dotnet/maui/pull/30286;0;0;0;0;0;0;0;1;0;0;P2_duplicate_alt_solution;"Superseded by newer PR #30651; maintainer closed this older PR. CI checks not failing."
3022935755;21589;risingwavelabs/risingwave;closed;FALSE;TRUE;7;FALSE;TRUE;https://github.com/risingwavelabs/risingwave/pull/21589;0;0;1;0;0;0;0;0;1;0;T3_syntax_compile;Devin AI PR to fix a syntax/compile error in describe.rs (extra Ok(res) causing build failures in earlier PR #21588). CI checks on this PR still show multiple failures and the maintainer closes it without merging _ categorize as syntax/compile failure, abandoned after unresolved CI
3172263787;587;ai-shifu/ai-shifu;closed;FALSE;TRUE;0;FALSE;FALSE;https://github.com/ai-shifu/ai-shifu/pull/587;0;0;0;0;0;0;0;0;0;1;P4_unknown;"All CI checks (CodeRabbit review, GitGuardian, pre-commit CI) passed. PR was closed with unmerged commits and branch deleted; no reason given in discussion _ failure reason unknown."
3184170030;682;MicrosoftLearning/AZ400-DesigningandImplementingMicrosoftDevOpsSolutions;closed;FALSE;TRUE;0;FALSE;FALSE;https://github.com/MicrosoftLearning/AZ400-DesigningandImplementingMicrosoftDevOpsSolutions/pull/682;0;0;0;0;0;0;1;0;0;0;P1_low_priority;"Closed without merging. Small documentation-only change (lab timing, permission note, verification step); no CI checks run, likely considered low-priority / not necessary by maintainer."
3172933734;61939;microsoft/TypeScript;closed;FALSE;TRUE;0;FALSE;FALSE;https://github.com/microsoft/TypeScript/pull/61939;0;0;0;0;0;0;0;1;0;0;P2_duplicate_alt_solution;"Closed after reviewer said the change was going in the wrong direction; CI/CLA passed, but design approach was rejected."
3176363924;2107;browser-use/browser-use;closed;FALSE;TRUE;6;TRUE;TRUE;https://github.com/browser-use/browser-use/pull/2107;0;0;0;0;0;0;0;0;0;1;P4_unknown;"All checks green or skipped; cubic-dev-ai review reported no issues. PR closed with unmerged commits and no explanationÑnon-technical/unclear rejection."
3183787910;232;james-gould/azure-keyvault-emulator;closed;FALSE;TRUE;2;TRUE;TRUE;https://github.com/james-gould/azure-keyvault-emulator/pull/232;0;0;0;0;0;0;0;0;1;0;P3_abandoned_no_response;"WIP Copilot PR to add Testcontainers module; basic project skeleton only. All checks green, but agent hit an Òerror encounteredÓ state and maintainer closed the PR the same day without merging. Treated as abandoned/incomplete, not CI failure."
3146130063;611;vgmtrans/vgmtrans;closed;FALSE;TRUE;1;FALSE;TRUE;https://github.com/vgmtrans/vgmtrans/pull/611;0;0;0;0;0;0;1;0;0;0;P1_low_priority;"Author used ChatGPT Codex to refactor stringstream usage but decided the PR should be more comprehensive and closed it themselves. Build check passed; no CI/test failures."
3099024356;1529;LayerZero-Labs/devtools;closed;FALSE;TRUE;2;TRUE;TRUE;https://github.com/LayerZero-Labs/devtools/pull/1529;0;0;0;0;0;0;1;0;0;0;P1_low_priority;"All CI checks passed. PR adds shared debug logger and updates examples, but there is no discussion or requested changes; author/maintainer simply closed it, so treated as low-priority / not needed feature."
3147338899;1650;langfuse/langfuse-docs;closed;TRUE;FALSE;3;TRUE;TRUE;https://github.com/langfuse/langfuse-docs/pull/1650;0;0;0;0;0;1;1;0;0;0;T6_build_ci_config;Docs-only change: adds Anthropic multi-agent research blog link. One CI/check step (link-check/build) failed due to environment (localhost / lms.txt), but PR merged (9/10 checks passed)
3163804247;355;microsoft/fabric-cicd;open;FALSE;FALSE;2;TRUE;TRUE;https://github.com/microsoft/fabric-cicd/pull/355;1;0;0;0;0;0;0;0;1;0;T1_ci_test_failure;"PR adds unit tests for publish.py. Multiple commits trying to fix failing checks (e.g., ÔFix linting issuesÉÕ, ÔFix test expectationsÉÕ). CI never reaches 100% green (several commits show 4/6, 5/6, 6/7 checks). Reviewer comments Ôresolve failed testsÕ on Aug 6; no further fixes; PR closed unmerged on Sep 8"
3116693250;397;janbjorge/pgqueuer;closed;TRUE;FALSE;1;TRUE;FALSE;https://github.com/janbjorge/pgqueuer/pull/397;1;0;0;0;0;0;0;0;0;0;T1_ci_test_failure;"Merged. Very small typo/comment fix. Early CI run had failing ÒPGQueuer CI Pipeline / Validate Benchmark ResultsÓ check (27 success, 1 failed, 1 skipped); later run after merging main passed and PR was merged."
3125675582;4793;mastra-ai/mastra;closed;FALSE;TRUE;9;TRUE;TRUE;https://github.com/mastra-ai/mastra/pull/4793;1;0;0;0;0;0;0;0;1;0;T1_ci_test_failure;"GitHub Actions ""test (vectorize)"" failed in src/vectorize/src/vector/index.test.ts (assertion about 'create-describe-delete' index). pnpm test also reported a failure; PR closed without being merged."
2864385192;2020;cloudwalk/stratus;closed;FALSE;TRUE;8;TRUE;TRUE;https://github.com/cloudwalk/stratus/pull/2020;0;0;0;0;0;0;0;0;1;0;P3_abandoned_no_response;"Docs-only PR (README + wiki docs). All 38 checks passing; closed by devin-ai-integration bot due to inactivity and branch deleted."
3172566371;330;aztfmod/terraform-provider-azurecaf;closed;FALSE;TRUE;5;TRUE;TRUE;https://github.com/aztfmod/terraform-provider-azurecaf/pull/330;0;0;0;0;0;0;0;0;0;1;P4_unknown;All CI checks (SonarCloud, Go, CodeQL, etc.) passed and the PR adds import functionality plus refactoring for code quality. Reviewer asked to further address SonarQube issues, and the maintainer closed the PR with unmerged commits without explaining the final reason, so the failure cause is unclear.
3092355883;2476;Skyvern-AI/skyvern;closed;FALSE;TRUE;3;FALSE;TRUE;https://github.com/Skyvern-AI/skyvern/pull/2476;0;0;0;0;0;0;0;0;1;0;P3_abandoned_no_response;"Reviewer (ellipsis-dev bot) requested a configuration change (adding max_completion_tokens=8192 for BEDROCK Claude 4 models). Author never updated the PR; it was closed with unmerged commits despite all checks passing and no CI/test failures."
3147340923;10677;web-infra-dev/rspack;closed;FALSE;TRUE;6;TRUE;TRUE;https://github.com/web-infra-dev/rspack/pull/10677;0;0;0;0;0;0;0;0;0;1;P4_unknown;"Large refactor replacing std HashMap/HashSet with FxHasher across Rspack; all checks & CodSpeed performance OK, but PR closed without merge and no explicit reason."
3245965450;1463;marin-community/marin;open;FALSE;FALSE;4;TRUE;TRUE;https://github.com/marin-community/marin/pull/1463;0;0;0;0;0;0;0;1;0;0;P2_duplicate_alt_solution;"Closed as obviated. Codex PR adds PlacementGroupCleanupActor to clean unused placement groups; CI checks pass. Local pytest command in description fails with ModuleNotFoundError: No module named 'bs4', but PR was closed without merging because the change was made obsolete by other work."
3179591837;349;PriorLabs/TabPFN;closed;FALSE;TRUE;1;FALSE;TRUE;https://github.com/PriorLabs/TabPFN/pull/349;0;0;0;0;0;0;0;0;0;0;P4_unknown;Adds example + tests + README docs for saving/loading TabPFN models. pre-commit and pytest succeed, all checks green. PR was closed with unmerged commits and no explanation, so closure reason is unknown.
3267556588;2852;ublue-os/bluefin;closed;FALSE;TRUE;1;FALSE;TRUE;https://github.com/ublue-os/bluefin/pull/2852;1;1;0;0;0;0;0;0;0;0;T1_ci_test_failure;"GitHub Actions test for vector index operations fails (assertion error). PR closed with unmerged commits; no additional reason given"
3098932887;69;567-labs/kura;closed;FALSE;TRUE;1;FALSE;TRUE;https://github.com/567-labs/kura/pull/69;0;0;0;0;0;0;0;0;1;0;P3_abandoned_no_response;"All checks (Cloudflare Workers & Pages, Ruff) passed; docs+lint PR from devin-ai-integration bot was auto-closed after >7 days of inactivity, no maintainer review or explicit rejection."
3155243298;42;mhetrick/hetrickcv;closed;TRUE;FALSE;2;TRUE;FALSE;https://github.com/mhetrick/hetrickcv/pull/42;0;1;0;0;0;0;0;0;0;0;T2_logic_bug;"Fixes initialization loop in HCVShiftRegister; single header file change. Several VCV Rack Plugin CI jobs failed (missing Rack-SDK/plugin.mk), but PR was merged"
3119498735;57;joewandy/hlda;closed;TRUE;FALSE;1;TRUE;FALSE;https://github.com/joewandy/hlda/pull/57;0;0;0;0;0;1;0;0;0;0;T6_build_ci_config;"Python Package using Poetry / build-linux check failed; logs expired, but PR was merged."
3117937316;866;go-vikunja/vikunja;closed;FALSE;TRUE;1;TRUE;FALSE;https://github.com/go-vikunja/vikunja/pull/866;0;0;0;0;0;1;0;0;0;0;T6_build_ci_config;"go test ./... and several CI Test jobs (api-build, api-lint, test-api sqlite) fail due to external HTTP 403 from proxy.golang.org; CI env / network misconfig; PR closed unmerged, reason not explicitly stated"
3128551157;40;phellipeandrade/rbac;closed;FALSE;TRUE;0;FALSE;FALSE;https://github.com/phellipeandrade/rbac/pull/40;0;0;0;0;0;0;0;0;1;0;P3_abandoned_no_response;"Closed unmerged by author with no maintainer review; only local npm tests mentioned; refactor + benchmarks, looks abandoned rather than blocked by CI or code issues."
3114736501;7860;temporalio/temporal;closed;FALSE;TRUE;6;TRUE;TRUE;https://github.com/temporalio/temporal/pull/7860;1;0;0;0;0;0;0;0;0;1;T1_ci_test_failure;"Several CI checks (linters + tests + feature integration) failed; PR was closed without being merged and no clear textual reason was given."
3233527581;853;gensx-inc/gensx;closed;FALSE;TRUE;6;TRUE;TRUE;https://github.com/gensx-inc/gensx/pull/853;1;0;0;0;0;0;0;0;0;0;T1_ci_test_failure;PR closed and unmerged with no concrete reason provided.
3135414550;312;yegor256/micromap;open;FALSE;FALSE;20;TRUE;TRUE;https://github.com/yegor256/micromap/pull/312;1;0;0;0;0;0;0;0;0;0;T1_ci_test_failure;"Mutation-testing workflow added; 'mutation-testing / mutants' CI job keeps failing (earlier also markdown-lint); PR is still draft with failing mutation-testing check"
3228988766;320;nbonamy/witsy;closed;FALSE;TRUE;0;FALSE;FALSE;https://github.com/nbonamy/witsy/pull/320;0;0;0;0;0;0;0;0;0;1;P4_unknown;PR was closed with no reason given 
3138810266;157;gluesql/glues;open;FALSE;FALSE;1;TRUE;FALSE;https://github.com/gluesql/glues/pull/157;1;0;0;0;1;0;0;0;0;0;T1_ci_test_failure;"mutation-testing CI job (""mutation-testing / mutants"") keeps failing; earlier commits also had markdown-lint failures. Other build/test jobs pass and PR is still a draft/WIP."